﻿Designator,Footprint,Quantity,Value,LCSC Part #
C4,C_0402,1,100nF,
C5,C_0402,1,1uF,
C6,C_0603_,1,10uF 50V,C1591
C7,C_0603_,1,10uF 6.3V,C1691
C8,C_0603_,1,100nF,
D1,MHS190RGBCT,1,LED_BARG,C409798
"H1, H2, H3, H4",MountingHole_2mm,4,MountingHole,
L2,L_4x4_,1,10uH,
R1,R_0402,1,300R,
R10,R_0402_,1,40k2,
R11,R_0402_,1,1M,
R2,R_0402,1,1K,
R3,R_0402,1,100R,
R6,R_0402,1,10k,
R9,R_0402_,1,124k,
U1,ESP32-PICO-MINI-02,1,ESP32-PICO-MINI-02,C2980306
U3,CH340X,1,CH340X,C3035748
U5,SOT-23-6-MD8942,1,MD8942,C2684786
