﻿Designator,Footprint,Quantity,Value,LCSC Part #
C1,C_0402,1,100nF,
C2,C_0402,1,22uF,
C3,C_0402,1,1uF,
C6,C_0603_,1,10uF 50V,C1591
C7,C_0603_,1,10uF 6.3V,C1691
C8,C_0603_,1,100nF,
D2,LED-RGB-1.6x1.6,1,RGB,C264508
J3,USB-PROG,1,USB-PROG,
L2,L_4x4_,1,10uH,
R1,R_0402,1,10K,
R10,R_0402_,1,39k2,
R11,R_0402_,1,1M,
R4,R_0402,1,680R,
R5,R_0402,1,2K,
R7,R_0402,1,220R,
R9,R_0402_,1,124k,
U2,ESP32-S3-MINI-1,1,ESP32-S3-MINI-1,C3013941
U5,SOT-23-6-MD8942,1,MD8942,C2684786
U6,Sensirion_DFN-4_1.5x1.5mm_P0.5mm_SHT4x,1,SHT40,C2909890
