﻿Designator,Footprint,Quantity,Value,LCSC Part #
C1,C_0603,1,1uF,
C5,C_0603,1,100nF,
C6,C_0603_,1,100nF,C30926
C7,C_0805_,1,2.2uF,C19110
C8,C_0805_,1,10uF,C17024
D1,LED-RGB-1.6x1.6,1,RGB,
D3,D_1206_,1,Schottky,C143805
J2,Molex_MiniSPOX_H4RA,1,SPOX,
J3,PinSocket_1x05_P2.54mm_Vertical,1,Conn_01x05,
L2,L_4x4_,1,6.8uH,C354575
R1,R_0603,1,680R,
R2,R_0603,1,2K,
R3,R_0603,1,220R,
R4,R_0603,1,10K,
R7,R_0603,1,100k 1%,C14675
R8,R_0603,1,30k 1%,C100001
U1,ESP32-PICO-MINI-02,1,ESP32-PICO-MINI-02,
U3,SOT-23-Thin-6-Reg,1,LMR16006YDDCR,C290195
